{"initial_reset_timestamp": 1639263991.856139, "timestamps": [1639263997.418713], "episode_lengths": [200], "episode_rewards": [200.0], "episode_types": ["t"]}